,residue,HA,CA,CB,N,C,H
0,M,"4.4698
","55.3088
","32.7261
","121.8608
","175.2715
","8.4071
"
1,Y,"4.5778
","57.8892
","39.1400
","119.4290
","175.5373
","8.2234
"
2,E,"4.3449
","56.9891
","29.5743
","118.9814
","176.6187
","8.5401
"
3,E,"4.0251
","56.6478
","30.1432
","118.4319
","175.8342
","8.4285
"
4,F,"4.8534
","56.3368
","39.7498
","118.0841
","175.3441
","7.9773
"
5,R,"4.3271
","57.1721
","30.6807
","122.9484
","175.6630
","7.9856
"
6,D,"5.0316
","53.2672
","43.5116
","118.5720
","174.9115
","8.0288
"
7,V,"4.7644
","61.6424
","32.8474
","123.0404
","175.7207
","8.6399
"
8,I,"4.8326
","58.9155
","41.3565
","122.3896
","173.6803
","9.2761
"
9,T,"4.7192
","61.9242
","70.3126
","119.1374
","173.3802
","8.3695
"
10,F,"4.5562
","57.3267
","40.8860
","126.4083
","174.6004
","9.1372
"
11,Q,"5.5054
","54.5934
","32.7358
","121.8334
","175.3086
","9.2564
"
12,S,"5.1235
","56.5302
","65.8415
","116.3508
","172.9528
","9.3933
"
13,Y,"4.1222
","57.6366
","37.5258
","123.6454
","174.7944
","8.5458
"
14,V,"4.2477
","59.7085
","33.9011
","121.8050
","174.1522
","8.0242
"
15,E,"3.9561
","55.9150
","29.7784
","124.8332
","175.4866
","8.4567
"
16,Q,"4.4390
","54.0071
","31.4054
","127.0426
","174.6848
","8.7652
"
17,S,"4.3389
","58.4958
","62.9494
","120.7602
","174.5010
","8.4890
"
18,N,"4.6480
","52.5229
","38.1138
","123.7167
","176.5585
","8.3503
"
19,G,"3.8413
","46.1623
",0,"108.1611
","174.6734
","8.4898
"
20,E,"4.5204
","55.4570
","30.3265
","119.9833
","176.5485
","7.9772
"
21,G,"3.8868
","45.4197
",0,"108.9610
","173.8318
","8.6191
"
22,G,"4.1214
","44.2165
",0,"108.2487
","173.8516
","7.5858
"
23,K,"4.2148
","55.6703
","32.2695
","123.4540
","175.4600
","8.4919
"
24,T,"4.4803
","61.6647
","71.1266
","120.1434
","172.3652
","8.0987
"
25,Y,"4.6437
","57.0699
","39.2504
","123.8021
","174.6711
","8.5298
"
26,K,"4.5653
","54.4919
","36.0011
","125.4319
","174.6651
","8.4198
"
27,W,"5.2706
","57.5512
","29.2687
","125.7707
","176.0031
","8.7479
"
28,V,"4.5429
","59.5248
","34.6040
","121.7238
","175.1673
","9.2797
"
29,D,"4.6463
","55.2902
","40.4770
","123.9400
","175.8816
","8.6966
"
30,E,"4.4677
","58.0686
","30.7219
","127.9258
","176.7582
","9.4772
"
31,F,"4.9423
","56.6633
","40.3231
","112.3123
","172.6214
","7.6290
"
32,T,"5.1611
","61.6172
","70.6156
","118.0204
","173.9688
","8.8806
"
33,A,"4.8582
","50.8512
","23.4894
","127.2938
","175.0437
","9.1269
"
34,A,"4.9630
","51.9667
","19.5915
","123.3152
","176.3622
","8.2969
"
35,A,"5.1424
","50.4178
","24.3200
","124.9800
","175.0927
","9.4260
"
36,H,"5.1579
","54.8935
","31.5043
","119.5621
","174.0099
","9.9554
"
37,V,"4.5711
","61.0050
","32.5070
","127.3932
","174.7280
","8.0838
"
38,Q,"4.8279
","52.3013
","32.1398
","127.7787
","174.0167
","9.1185
"
39,P,"4.5776
","62.6757
","32.0099
",0,"176.5608
",0
40,I,"4.0187
","60.6955
","38.5091
","119.9331
","175.8304
","7.8941
"
41,S,"4.4169
","59.0852
","64.5792
","118.4632
","175.6317
","8.5617
"
42,Q,"4.0330
","59.7357
","28.6334
","121.3254
","178.1007
","8.9562
"
43,E,"4.2019
","59.7298
","29.2737
","119.0091
","179.2090
","8.8724
"
44,E,"4.1825
","59.1408
","29.5219
","119.2855
","179.3299
","7.8421
"
45,Y,"4.0941
","61.8768
","38.6546
","120.9280
","178.2295
","8.5234
"
46,Y,"4.2118
","61.4206
","38.0541
","118.4684
","178.6458
","8.2470
"
47,K,"4.0721
","59.6814
","32.2720
","120.4394
","179.5093
","8.1135
"
48,A,"3.9042
","55.2673
","18.2076
","121.9145
","179.0618
","8.5796
"
49,Q,"3.6912
","58.9097
","28.2728
","117.3797
","179.2567
","8.3734
"
50,Q,"4.1246
","58.4384
","28.7501
","118.6317
","177.9403
","7.6789
"
51,L,"4.3376
","54.7438
","42.3894
","117.2178
","176.9041
","7.4626
"
52,Q,"3.8409
","57.3649
","26.3469
","115.4256
","174.9262
","7.5601
"
53,T,"4.5864
","59.0940
","68.8815
","116.3815
","172.7386
","8.2525
"
54,P,"4.3132
","63.2602
","30.9659
",0,"176.2654
",0
55,I,"4.0386
","61.5263
","38.1643
","122.9010
","176.1359
","7.1835
"
56,G,"4.0143
","45.3665
",0,"114.5167
","172.6104
","8.6103
"
57,Y,"5.0413
","57.2388
","43.2181
","117.9411
","173.6020
","8.9300
"
58,N,"4.9435
","52.3135
","39.7491
","121.8608
","173.0754
","9.2110
"
59,I,"4.7462
","60.4532
","39.7385
","125.0143
","174.4485
","9.1305
"
60,Y,"5.4110
","57.0549
","39.4733
","127.7248
","175.0691
","9.6463
"
61,T,"4.8744
","58.2369
","71.0572
","118.4813
","172.0613
","9.1470
"
62,P,"4.8388
","62.5065
","31.6510
",0,"175.9063
",0
63,Y,"4.3094
","58.9473
","38.6954
","123.7824
","174.8102
","8.3876
"
64,D,"4.5369
","52.5930
","42.9244
","127.7684
","175.6580
","7.6059
"
65,D,"4.0802
","55.9255
","40.8136
","124.6214
","176.4722
","8.2525
"
66,R,"4.1734
","56.7140
","30.2982
","116.5668
","176.4647
","8.2075
"
67,I,"4.1357
","61.7931
","37.5168
","120.2073
","175.6274
","6.9864
"
68,D,"4.9857
","52.7651
","43.3655
","126.8083
","177.1522
","8.4601
"
69,K,"4.1358
","58.7914
","32.5230
","121.9626
","176.8161
","8.8022
"
70,K,"4.4404
","56.1322
","32.1788
","117.1178
","176.2187
","8.3515
"
71,M,"4.8295
","55.5489
","34.0062
","118.2931
","174.6425
","7.5532
"
72,R,"4.3375
","53.7898
","33.3526
","116.4042
","173.1886
","8.1309
"
73,V,"4.8377
","58.7447
","35.3641
","112.8314
","173.6137
","8.9483
"
74,I,"4.8192
","60.4824
","38.5773
","122.9599
","175.2123
","8.7597
"
75,Y,"4.7251
","56.4621
","40.8589
","128.1036
","175.5972
","8.9551
"
76,R,"3.4748
","57.2013
","27.9745
","126.6388
","176.2069
","8.5135
"
77,G,"3.8902
","45.2115
",0,"104.1225
","173.7113
","8.4081
"
78,K,"4.8355
","54.7200
","34.6724
","120.2648
","175.0022
","7.9234
"
79,I,"4.4747
","60.9299
","39.1102
","123.6794
","174.8156
","8.7325
"
80,V,"4.9157
","60.5980
","33.7433
","127.6850
","174.5783
","9.2999
"
81,T,"4.5574
","61.2442
","70.5371
","123.1212
","173.8484
","9.1679
"
82,F,"4.9038
","58.3448
","39.2809
","125.7595
","175.5064
","8.2087
"
83,I,"4.4618
","60.3930
","38.1052
","124.9008
","175.7778
","8.9880
"
84,G,"4.1232
","44.3207
",0,"114.4749
","172.8388
","8.4316
"
85,D,"4.9407
","51.6539
","41.6443
","120.2824
","174.3771
","8.3936
"
86,P,"4.5185
","63.5046
","31.9103
",0,"175.7537
",0
87,V,"4.1841
","61.0970
","33.9576
","125.5377
","174.6925
","8.8500
"
88,D,"4.8896
","53.9082
","41.2344
","128.5965
","176.7068
","8.5572
"
89,L,"4.2262
","56.6001
","42.3785
","127.9760
","178.1043
","8.2356
"
90,S,"4.5639
","57.9809
","64.1434
","112.7284
","175.7065
","8.1455
"
91,G,"3.8495
","46.4432
",0,"109.9568
","174.6763
","8.2539
"
92,L,"4.4253
","54.3002
","41.6723
","119.7314
","176.7305
","7.5743
"
93,Q,"3.7707
","56.9427
","25.8910
","115.9240
","175.3152
","8.0520
"
94,E,"4.5746
","57.8740
","31.1916
","117.8785
","177.0086
","8.5442
"
95,I,"4.9320
","59.9881
","42.2789
","118.4489
","175.0313
","7.6717
"
96,T,"5.0253
","62.0918
","70.7452
","123.7408
","172.7852
","9.1723
"
97,R,"4.9935
","54.8225
","31.9231
","127.8871
","174.4425
","9.3205
"
98,I,"4.1417
","59.9099
","41.1779
","126.7514
","174.0541
","8.9907
"
99,K,"4.7791
","55.6603
","34.0212
","127.7502
","175.8525
","8.4481
"
100,G,"4.5271
","44.2803
",0,"110.3758
","171.6328
","9.1422
"
101,K,"4.8837
","54.1262
","35.4593
","120.2052
","175.5079
","9.2928
"
102,E,"4.6753
","57.4111
","30.2782
","126.3291
","176.3866
","9.3144
"
103,D,"4.9416
","53.9736
","42.0433
","127.5956
","175.9325
","9.0909
"
104,G,"4.2088
","44.6322
",0,"106.1945
","172.5275
","7.6954
"
105,A,"4.4173
","51.3064
","20.0658
","123.7161
","177.1182
","8.3287
"
106,Y,"4.1507
","59.0455
","38.4781
","124.6185
","175.4696
","8.8759
"
107,V,"4.0526
","61.1078
","32.1320
","125.1406
","176.0198
","7.9746
"
108,G,"3.5980
","45.8987
",0,"110.4582
","174.8579
","7.1529
"
